# Find lots more stations at http://www.iheard.com,
Slay Radio (C64 Remix), http://www.slayradio.org/tune_in.php/128kbps/listen.m3u
SomaFM: Groove Salad (Chillout), http://somafm.com/startstream=groovesalad.pls
SomaFM: Grove Salad Classic Downtempo ambient,https://somafm.com/gsclassic.pls
SomaFM: SomaFM Specials different radio songs and such,https://somafm.com/specials.pls
SomaFM: Beat Blender (House), http://somafm.com/startstream=beatblender.pls
SomaFM: Cliq Hop, http://somafm.com/startstream=cliqhop.pls
SomaFM: Sonic Universe (Jazz), http://somafm.com/startstream=sonicuniverse.pls
SomaFM: Tags Trance Trip (Progressive), http://somafm.com/tagstrance.pls
SomaFM: Illinois Street Lounge (Lounge), http://somafm.com/illstreet.pls
SomaFM: Secret Agent (Downtempo), http://somafm.com/secretagent.pls
SomaFM: Covers, http://somafm.com/covers.pls
SomaFM: Digitalis (Rock), http://somafm.com/digitalis.pls
SomaFM: PopTron! (Pop), http://somafm.com/poptron.pls
Internet Radio: MoveDaHouse,http://www.internet-radio.com/servers/tools/playlistgenerator/?u=http://uk7.internet-radio.com:8000/listen.pls&t=.m3u
Internet Radio: Back to the 80s radio,https://www.internet-radio.com/servers/tools/playlistgenerator/?u=http://149.56.185.82:8135/listen.pls&t=.m3u
Internet Radio: Dance UK Radio,https://www.internet-radio.com/servers/tools/playlistgenerator/?u=http://uk2.internet-radio.com:8024/listen.pls&t=.m3u
Internet Radio: Time 2 Dance Radio,https://www.internet-radio.com/servers/tools/playlistgenerator/?u=http://uk6.internet-radio.com:8332/listen.pls&t=.m3u
Internet Radio: Dance Attack FM - The best EDM,https://www.internet-radio.com/servers/tools/playlistgenerator/?u=http://uk4.internet-radio.com:8049/listen.pls&t=.m3u
Internet Radio: Moon Mission Recordings Tokyo Deep and Electric,https://www.internet-radio.com/servers/tools/playlistgenerator/?u=http://uk5.internet-radio.com:8306/listen.pls&t=.m3u
Internet Radio: PHEVER: Live DJS 7 Days 24x7,https://www.internet-radio.com/servers/tools/playlistgenerator/?u=http://uk1.internet-radio.com:8200/live.m3u&t=.m3u
